{"cameraMode":{"drawMode":0,"name":"Shaded","section":"Shading Mode"},"sceneLighting":true,"audioPlay":false,"sceneViewState":{"m_AlwaysRefresh":false,"showFog":true,"showSkybox":true,"showFlares":true,"showImageEffects":true,"showParticleSystems":true,"showVisualEffectGraphs":true,"m_FxEnabled":true},"in2DMode":false,"pivot":{"x":-0.0650772750377655,"y":3.0502970218658449,"z":-3.3468265533447267},"rotation":{"x":-0.17502042651176454,"y":0.1564256101846695,"z":-0.028230605646967889,"w":-0.9717450737953186},"size":2.462589979171753,"orthographic":false}